,Dated,Normal care,Intensive care,Intensive care. 1,Cumulative Number of Death,Hospital discharges,Cumulative number of positives,Number of positives,Number of tests performed,Number of cumulative tests carried out,Positivity Rate,Death per day,Month
0,2020-02-24,,0,,,0,,,,,,,2020-02
1,2020-02-25,,0,,,0,,,,,,,2020-02
2,2020-02-26,,0,,,0,,,,,,,2020-02
3,2020-02-27,,0,,,0,,,,,,,2020-02
4,2020-02-28,,0,,,0,,,,,,,2020-02
5,2020-02-29,,0,,,0,,,,,,,2020-02
6,2020-03-01,,0,,,0,,,,,,,2020-03
7,2020-03-02,,0,,,0,,,,,,,2020-03
8,2020-03-03,,0,,,0,,,,,,,2020-03
9,2020-03-04,,0,,,0,,,,,,,2020-03
10,2020-03-05,,0,,,0,,,,,,,2020-03
11,2020-03-06,,0,,,0,,,,,,,2020-03
12,2020-03-07,,0,,,0,,,,,,,2020-03
13,2020-03-08,,0,,,0,,,,,,,2020-03
14,2020-03-09,,0,,,0,,,,,,,2020-03
15,2020-03-10,,0,,,3,,,,,,,2020-03
16,2020-03-11,,0,,,0,,,,,,,2020-03
17,2020-03-12,,0,,,1,,,,,,,2020-03
18,2020-03-13,,0,,,3,,,,,,,2020-03
19,2020-03-14,,0,,,0,,,,,,,2020-03
20,2020-03-15,,0,,,0,,,,,,,2020-03
21,2020-03-16,,0,,,4,,,,,,,2020-03
22,2020-03-17,0.0,0,0.0,3.0,1,197.0,108.0,578.0,1511.0,18.685121107266436,,2020-03
23,2020-03-18,0.0,0,0.0,3.0,3,344.0,147.0,880.0,2391.0,16.704545454545457,0.0,2020-03
24,2020-03-19,1.0,0,0.0,4.0,0,480.0,136.0,901.0,3292.0,15.09433962264151,1.0,2020-03
25,2020-03-20,18.0,3,3.0,6.0,2,648.0,168.0,995.0,4287.0,16.884422110552762,2.0,2020-03
26,2020-03-21,56.0,6,6.0,7.0,1,767.0,119.0,438.0,4725.0,27.168949771689498,1.0,2020-03
27,2020-03-22,63.0,5,2.0,7.0,5,788.0,21.0,21.0,4746.0,100.0,0.0,2020-03
28,2020-03-23,71.0,7,2.0,7.0,6,1007.0,219.0,1104.0,5850.0,19.83695652173913,0.0,2020-03
29,2020-03-24,97.0,9,2.0,7.0,2,1180.0,173.0,885.0,6735.0,19.54802259887006,0.0,2020-03
30,2020-03-25,128.0,21,14.0,9.0,2,1329.0,149.0,900.0,7635.0,16.555555555555557,2.0,2020-03
31,2020-03-26,120.0,26,20.0,9.0,11,1530.0,201.0,4597.0,12232.0,4.372416793561018,0.0,2020-03
32,2020-03-27,128.0,26,20.0,14.0,4,1682.0,152.0,1081.0,13313.0,14.061054579093431,5.0,2020-03
33,2020-03-28,152.0,29,23.0,17.0,7,1779.0,97.0,824.0,14137.0,11.771844660194175,3.0,2020-03
34,2020-03-29,160.0,27,21.0,21.0,1,1812.0,33.0,273.0,14410.0,12.087912087912088,4.0,2020-03
35,2020-03-30,150.0,30,24.0,22.0,19,1948.0,136.0,1075.0,15485.0,12.651162790697674,1.0,2020-03
36,2020-03-31,153.0,32,26.0,26.0,16,2034.0,86.0,936.0,16421.0,9.18803418803419,4.0,2020-03
37,2020-04-01,154.0,33,27.0,27.0,11,2153.0,119.0,1180.0,17601.0,10.084745762711865,1.0,2020-04
38,2020-04-02,171.0,40,30.0,28.0,8,2262.0,109.0,1341.0,18942.0,8.128262490678598,1.0,2020-04
39,2020-04-03,167.0,45,35.0,29.0,19,2349.0,87.0,1212.0,20154.0,7.1782178217821775,1.0,2020-04
40,2020-04-04,173.0,43,33.0,34.0,13,2408.0,59.0,824.0,20978.0,7.160194174757281,5.0,2020-04
41,2020-04-05,160.0,43,33.0,36.0,10,2439.0,31.0,551.0,21529.0,5.626134301270418,2.0,2020-04
42,2020-04-06,160.0,41,31.0,38.0,16,2498.0,59.0,1050.0,22579.0,5.6190476190476195,2.0,2020-04
43,2020-04-07,159.0,41,31.0,43.0,11,2559.0,61.0,1020.0,23599.0,5.980392156862745,5.0,2020-04
44,2020-04-08,168.0,43,33.0,46.0,9,2623.0,64.0,932.0,24531.0,6.866952789699571,3.0,2020-04
45,2020-04-09,163.0,39,29.0,49.0,10,2680.0,57.0,863.0,25394.0,6.60486674391657,3.0,2020-04
46,2020-04-10,165.0,38,28.0,54.0,17,2715.0,35.0,691.0,26085.0,5.065123010130246,5.0,2020-04
47,2020-04-11,150.0,40,30.0,58.0,7,2722.0,7.0,308.0,26393.0,2.272727272727273,4.0,2020-04
48,2020-04-12,161.0,40,31.0,62.0,2,2734.0,12.0,208.0,26601.0,5.769230769230769,4.0,2020-04
49,2020-04-13,139.0,42,33.0,65.0,13,2737.0,3.0,82.0,26683.0,3.6585365853658534,3.0,2020-04
50,2020-04-14,140.0,43,34.0,68.0,17,2796.0,59.0,1372.0,28055.0,4.300291545189505,3.0,2020-04
51,2020-04-15,124.0,44,35.0,68.0,10,2829.0,33.0,843.0,28898.0,3.9145907473309607,0.0,2020-04
52,2020-04-16,138.0,41,32.0,71.0,14,2854.0,25.0,958.0,29856.0,2.6096033402922756,3.0,2020-04
53,2020-04-17,124.0,39,30.0,71.0,11,2898.0,44.0,1032.0,30888.0,4.263565891472868,0.0,2020-04
54,2020-04-18,136.0,40,31.0,74.0,8,2913.0,15.0,528.0,31416.0,2.840909090909091,3.0,2020-04
55,2020-04-19,132.0,39,30.0,75.0,0,2916.0,3.0,191.0,31607.0,1.5706806282722512,1.0,2020-04
56,2020-04-20,130.0,39,31.0,78.0,20,2931.0,15.0,931.0,32538.0,1.611170784103115,3.0,2020-04
57,2020-04-21,126.0,38,31.0,80.0,8,2955.0,24.0,752.0,33290.0,3.1914893617021276,2.0,2020-04
58,2020-04-22,125.0,35,28.0,81.0,8,2964.0,9.0,1140.0,34430.0,0.7894736842105263,1.0,2020-04
59,2020-04-23,112.0,30,24.0,84.0,10,2980.0,16.0,789.0,35219.0,2.027883396704689,3.0,2020-04
60,2020-04-24,109.0,30,25.0,85.0,13,2997.0,17.0,1309.0,36528.0,1.2987012987012987,1.0,2020-04
61,2020-04-25,98.0,28,23.0,88.0,7,3009.0,12.0,607.0,37135.0,1.9769357495881383,3.0,2020-04
62,2020-04-26,100.0,25,20.0,88.0,4,3014.0,5.0,132.0,37267.0,3.787878787878788,0.0,2020-04
63,2020-04-27,89.0,25,20.0,89.0,17,3023.0,9.0,758.0,38025.0,1.1873350923482848,1.0,2020-04
64,2020-04-28,92.0,25,22.0,89.0,17,3040.0,17.0,1724.0,39749.0,0.9860788863109048,0.0,2020-04
65,2020-04-29,78.0,27,24.0,90.0,8,3050.0,10.0,1885.0,41634.0,0.5305039787798408,1.0,2020-04
66,2020-04-30,67.0,27,24.0,92.0,9,3062.0,12.0,1962.0,43596.0,0.6116207951070336,2.0,2020-04
67,2020-05-01,79.0,28,25.0,93.0,3,3069.0,7.0,1392.0,44988.0,0.5028735632183908,1.0,2020-05
68,2020-05-02,74.0,27,24.0,96.0,3,3073.0,4.0,694.0,45682.0,0.5763688760806917,3.0,2020-05
69,2020-05-03,73.0,26,23.0,96.0,2,3077.0,4.0,237.0,45919.0,1.6877637130801686,0.0,2020-05
70,2020-05-04,71.0,25,22.0,98.0,6,3088.0,11.0,1036.0,46955.0,1.0617760617760617,2.0,2020-05
71,2020-05-05,81.0,23,20.0,99.0,12,3096.0,8.0,1276.0,48231.0,0.6269592476489028,1.0,2020-05
72,2020-05-06,75.0,24,21.0,100.0,4,3102.0,6.0,1433.0,49664.0,0.41870202372644805,1.0,2020-05
73,2020-05-07,67.0,19,16.0,100.0,5,3107.0,5.0,1317.0,50981.0,0.3796507213363705,0.0,2020-05
74,2020-05-08,75.0,18,15.0,101.0,10,3110.0,3.0,1312.0,52293.0,0.22865853658536583,1.0,2020-05
75,2020-05-09,68.0,17,14.0,101.0,5,3118.0,8.0,730.0,53023.0,1.095890410958904,0.0,2020-05
76,2020-05-10,59.0,21,18.0,101.0,3,3119.0,1.0,212.0,53235.0,0.4716981132075472,0.0,2020-05
77,2020-05-11,56.0,23,22.0,102.0,1,3123.0,4.0,1047.0,54282.0,0.38204393505253104,1.0,2020-05
78,2020-05-12,57.0,23,22.0,103.0,4,3130.0,7.0,1391.0,55673.0,0.503235082674335,1.0,2020-05
79,2020-05-13,59.0,12,11.0,103.0,7,3139.0,9.0,1206.0,56879.0,0.7462686567164178,0.0,2020-05
80,2020-05-14,63.0,12,11.0,104.0,3,3142.0,3.0,1293.0,58172.0,0.23201856148491878,1.0,2020-05
81,2020-05-15,50.0,16,15.0,105.0,2,3147.0,5.0,1274.0,59446.0,0.39246467817896385,1.0,2020-05
82,2020-05-16,42.0,14,13.0,106.0,5,3156.0,9.0,1011.0,60457.0,0.8902077151335311,1.0,2020-05
83,2020-05-17,38.0,9,8.0,106.0,1,3157.0,1.0,150.0,60607.0,0.6666666666666667,0.0,2020-05
84,2020-05-18,42.0,11,10.0,108.0,6,3169.0,12.0,990.0,61597.0,1.2121212121212122,2.0,2020-05
85,2020-05-19,43.0,7,6.0,108.0,5,3176.0,7.0,1067.0,62664.0,0.6560449859418931,0.0,2020-05
86,2020-05-20,48.0,7,6.0,108.0,10,3183.0,7.0,1513.0,64177.0,0.4626569729015202,0.0,2020-05
87,2020-05-21,36.0,6,5.0,108.0,1,3183.0,0.0,787.0,64964.0,0.0,0.0,2020-05
88,2020-05-22,37.0,9,8.0,108.0,8,3192.0,9.0,1197.0,66161.0,0.7518796992481203,0.0,2020-05
89,2020-05-23,27.0,8,7.0,109.0,0,3194.0,2.0,1211.0,67372.0,0.16515276630883566,1.0,2020-05
90,2020-05-24,28.0,5,4.0,109.0,0,3195.0,1.0,94.0,67466.0,1.0638297872340425,0.0,2020-05
91,2020-05-25,30.0,6,5.0,109.0,2,3197.0,2.0,944.0,68410.0,0.211864406779661,0.0,2020-05
92,2020-05-26,38.0,5,4.0,110.0,1,3202.0,5.0,1329.0,69739.0,0.3762227238525207,1.0,2020-05
93,2020-05-27,29.0,5,4.0,110.0,2,3203.0,1.0,1205.0,70944.0,0.08298755186721991,0.0,2020-05
94,2020-05-28,25.0,5,4.0,110.0,2,3206.0,3.0,2000.0,72944.0,0.15,0.0,2020-05
95,2020-05-29,25.0,4,3.0,110.0,4,3209.0,3.0,2205.0,75149.0,0.13605442176870747,0.0,2020-05
96,2020-05-30,23.0,4,3.0,110.0,2,3211.0,2.0,2016.0,77165.0,0.0992063492063492,0.0,2020-05
97,2020-05-31,24.0,4,4.0,110.0,2,3211.0,0.0,192.0,77357.0,0.0,0.0,2020-05
98,2020-06-01,21.0,4,4.0,110.0,2,3212.0,1.0,421.0,77778.0,0.23752969121140144,0.0,2020-06
99,2020-06-02,20.0,2,2.0,110.0,2,3214.0,2.0,1590.0,79368.0,0.12578616352201258,0.0,2020-06
100,2020-06-03,18.0,3,3.0,110.0,0,3216.0,2.0,1744.0,81112.0,0.11467889908256881,0.0,2020-06
101,2020-06-04,18.0,1,1.0,110.0,3,3220.0,4.0,1674.0,82786.0,0.23894862604540024,0.0,2020-06
102,2020-06-05,18.0,1,1.0,110.0,4,3221.0,1.0,2866.0,85652.0,0.034891835310537335,0.0,2020-06
103,2020-06-06,12.0,1,1.0,110.0,0,3223.0,2.0,1820.0,87472.0,0.10989010989010989,0.0,2020-06
104,2020-06-07,16.0,2,2.0,110.0,1,3224.0,1.0,506.0,87978.0,0.1976284584980237,0.0,2020-06
105,2020-06-08,18.0,2,2.0,110.0,0,3228.0,4.0,2240.0,90218.0,0.17857142857142858,0.0,2020-06
106,2020-06-09,16.0,1,1.0,110.0,3,3231.0,3.0,2602.0,92820.0,0.11529592621060722,0.0,2020-06
107,2020-06-10,16.0,1,1.0,110.0,4,3235.0,4.0,4490.0,97310.0,0.08908685968819599,0.0,2020-06
108,2020-06-11,15.0,0,0.0,110.0,1,3236.0,1.0,4025.0,101335.0,0.02484472049689441,0.0,2020-06
109,2020-06-12,16.0,0,0.0,110.0,5,3238.0,2.0,5950.0,107285.0,0.03361344537815126,0.0,2020-06
110,2020-06-13,12.0,1,1.0,110.0,3,3246.0,8.0,3370.0,110655.0,0.2373887240356083,0.0,2020-06
111,2020-06-14,10.0,1,1.0,110.0,0,3248.0,2.0,666.0,111321.0,0.3003003003003003,0.0,2020-06
112,2020-06-15,13.0,2,2.0,110.0,1,3253.0,5.0,4784.0,116105.0,0.10451505016722408,0.0,2020-06
113,2020-06-16,14.0,1,1.0,110.0,5,3260.0,7.0,4837.0,120942.0,0.1447178002894356,0.0,2020-06
114,2020-06-17,10.0,2,2.0,110.0,4,3261.0,1.0,6241.0,127183.0,0.01602307322544464,0.0,2020-06
115,2020-06-18,12.0,2,2.0,110.0,1,3267.0,6.0,6159.0,133342.0,0.0974184120798831,0.0,2020-06
116,2020-06-19,11.0,1,1.0,110.0,3,3276.0,9.0,6796.0,140138.0,0.13243084167157151,0.0,2020-06
117,2020-06-20,12.0,1,1.0,110.0,2,3289.0,13.0,5397.0,145535.0,0.2408745599407078,0.0,2020-06
118,2020-06-21,14.0,2,2.0,110.0,0,3289.0,0.0,504.0,146039.0,0.0,0.0,2020-06
119,2020-06-22,14.0,1,1.0,110.0,3,3301.0,12.0,6053.0,152092.0,0.19824880224681976,0.0,2020-06
120,2020-06-23,11.0,0,0.0,110.0,1,3303.0,2.0,139.0,152231.0,1.4388489208633095,0.0,2020-06
121,2020-06-24,13.0,0,0.0,110.0,3,3316.0,13.0,4677.0,156908.0,0.2779559546717982,0.0,2020-06
122,2020-06-25,12.0,1,1.0,110.0,0,3335.0,19.0,5277.0,162185.0,0.3600530604510138,0.0,2020-06
123,2020-06-26,8.0,1,1.0,110.0,1,3376.0,41.0,6134.0,168319.0,0.6684056080860776,0.0,2020-06
124,2020-06-27,12.0,1,1.0,110.0,0,3406.0,30.0,5527.0,173846.0,0.5427899402931066,0.0,2020-06
125,2020-06-28,9.0,2,2.0,110.0,1,3416.0,10.0,929.0,174775.0,1.0764262648008611,0.0,2020-06
126,2020-06-29,14.0,2,2.0,110.0,2,3460.0,44.0,8630.0,183405.0,0.5098493626882966,0.0,2020-06
127,2020-06-30,16.0,2,2.0,110.0,4,3484.0,24.0,7712.0,191117.0,0.3112033195020747,0.0,2020-06
128,2020-07-01,14.0,2,2.0,110.0,1,3534.0,50.0,10153.0,201270.0,0.4924652811976756,0.0,2020-07
129,2020-07-02,19.0,3,3.0,110.0,5,3577.0,43.0,11068.0,212338.0,0.38850740874593426,0.0,2020-07
130,2020-07-03,14.0,3,3.0,110.0,6,3605.0,28.0,10512.0,222850.0,0.2663622526636225,0.0,2020-07
131,2020-07-04,21.0,3,3.0,110.0,2,3654.0,49.0,7762.0,230612.0,0.6312805977840763,0.0,2020-07
132,2020-07-05,17.0,3,3.0,110.0,3,3666.0,12.0,1004.0,231616.0,1.1952191235059761,0.0,2020-07
133,2020-07-06,19.0,3,3.0,110.0,2,3714.0,48.0,9946.0,241562.0,0.48260607279308265,0.0,2020-07
134,2020-07-07,23.0,1,1.0,110.0,6,3766.0,52.0,9479.0,251041.0,0.5485810739529486,0.0,2020-07
135,2020-07-08,24.0,2,2.0,110.0,3,3817.0,51.0,11292.0,262333.0,0.45164718384697133,0.0,2020-07
136,2020-07-09,24.0,3,3.0,110.0,3,3852.0,35.0,11000.0,273333.0,0.3181818181818182,0.0,2020-07
137,2020-07-10,29.0,2,2.0,111.0,4,3908.0,56.0,5314.0,278647.0,1.0538200978547234,1.0,2020-07
138,2020-07-11,33.0,3,3.0,111.0,4,3985.0,77.0,7687.0,286334.0,1.0016911669051645,0.0,2020-07
139,2020-07-12,34.0,4,4.0,111.0,3,4012.0,27.0,4504.0,290838.0,0.5994671403197158,0.0,2020-07
140,2020-07-13,44.0,3,3.0,111.0,7,4104.0,92.0,10372.0,301210.0,0.887003470883147,0.0,2020-07
141,2020-07-14,34.0,4,4.0,111.0,7,4155.0,51.0,11496.0,312706.0,0.44363256784968685,0.0,2020-07
142,2020-07-15,37.0,5,5.0,111.0,2,4289.0,134.0,14223.0,326929.0,0.9421359769387612,0.0,2020-07
143,2020-07-16,36.0,4,4.0,111.0,2,4395.0,106.0,13278.0,340207.0,0.7983129989456242,0.0,2020-07
144,2020-07-17,36.0,6,6.0,111.0,3,4467.0,72.0,14297.0,354504.0,0.5036021542981045,0.0,2020-07
145,2020-07-18,42.0,6,6.0,111.0,5,4564.0,97.0,12590.0,367094.0,0.7704527402700556,0.0,2020-07
146,2020-07-19,47.0,7,7.0,111.0,3,4591.0,27.0,3039.0,370133.0,0.8884501480750246,0.0,2020-07
147,2020-07-20,50.0,5,5.0,111.0,7,4662.0,71.0,9621.0,379754.0,0.7379690260887641,0.0,2020-07
148,2020-07-21,55.0,5,5.0,111.0,3,4775.0,113.0,16175.0,395929.0,0.6986089644513137,0.0,2020-07
149,2020-07-22,57.0,1,1.0,112.0,7,4852.0,77.0,7037.0,402966.0,1.0942162853488704,1.0,2020-07
150,2020-07-23,49.0,3,3.0,112.0,4,4937.0,85.0,15085.0,418051.0,0.563473649320517,0.0,2020-07
151,2020-07-24,44.0,4,4.0,112.0,2,5058.0,121.0,10459.0,428510.0,1.1568983650444593,0.0,2020-07
152,2020-07-25,50.0,4,4.0,112.0,0,5132.0,74.0,6020.0,434530.0,1.229235880398671,0.0,2020-07
153,2020-07-26,55.0,6,6.0,112.0,7,5172.0,40.0,1041.0,435571.0,3.842459173871278,0.0,2020-07
154,2020-07-27,50.0,5,5.0,113.0,5,5205.0,33.0,14254.0,449825.0,0.23151396099340538,1.0,2020-07
155,2020-07-28,55.0,4,4.0,114.0,3,5343.0,138.0,8328.0,458153.0,1.6570605187319885,1.0,2020-07
156,2020-07-29,57.0,6,6.0,114.0,11,5410.0,67.0,6620.0,464773.0,1.012084592145015,0.0,2020-07
157,2020-07-30,48.0,7,7.0,114.0,3,5478.0,68.0,9658.0,474431.0,0.7040795195692691,0.0,2020-07
158,2020-07-31,47.0,6,6.0,116.0,7,5555.0,77.0,8597.0,483028.0,0.8956612771897174,2.0,2020-07
159,2020-08-01,51.0,6,6.0,117.0,2,5603.0,48.0,6119.0,489147.0,0.7844419022716129,1.0,2020-08
160,2020-08-02,54.0,7,7.0,118.0,5,5610.0,7.0,858.0,490005.0,0.8158508158508158,1.0,2020-08
161,2020-08-03,52.0,7,7.0,118.0,10,5659.0,49.0,6162.0,496167.0,0.795196364816618,0.0,2020-08
162,2020-08-04,42.0,5,5.0,118.0,4,5738.0,79.0,7723.0,503890.0,1.022918554965687,0.0,2020-08
163,2020-08-05,42.0,9,9.0,119.0,3,5792.0,54.0,9971.0,513861.0,0.5415705546083642,1.0,2020-08
164,2020-08-06,42.0,6,6.0,119.0,2,5825.0,33.0,6151.0,520012.0,0.5364981303853031,0.0,2020-08
165,2020-08-07,41.0,8,8.0,120.0,12,5871.0,46.0,6859.0,526871.0,0.6706516984983234,1.0,2020-08
166,2020-08-08,39.0,8,8.0,121.0,5,5900.0,29.0,5835.0,532706.0,0.49700085689802914,1.0,2020-08
167,2020-08-09,35.0,6,6.0,122.0,1,5907.0,7.0,342.0,533048.0,2.046783625730994,1.0,2020-08
168,2020-08-10,41.0,4,4.0,123.0,3,5932.0,25.0,5500.0,538548.0,0.45454545454545453,1.0,2020-08
169,2020-08-11,41.0,3,3.0,123.0,7,5976.0,44.0,6546.0,545094.0,0.6721662083715246,0.0,2020-08
170,2020-08-12,37.0,1,1.0,123.0,6,6031.0,55.0,4728.0,549822.0,1.1632825719120137,0.0,2020-08
171,2020-08-13,35.0,3,3.0,123.0,6,6063.0,32.0,4613.0,554435.0,0.6936917407327119,0.0,2020-08
172,2020-08-14,40.0,4,4.0,124.0,2,6089.0,26.0,8378.0,562813.0,0.31033659584626405,1.0,2020-08
173,2020-08-15,29.0,3,3.0,124.0,2,6104.0,15.0,2521.0,565334.0,0.5950019833399445,0.0,2020-08
174,2020-08-16,34.0,3,3.0,124.0,0,6110.0,6.0,480.0,565814.0,1.25,0.0,2020-08
175,2020-08-17,28.0,4,4.0,124.0,4,6133.0,23.0,3400.0,569214.0,0.676470588235294,0.0,2020-08
176,2020-08-18,30.0,3,3.0,124.0,4,6191.0,58.0,5559.0,574773.0,1.0433531210649396,0.0,2020-08
177,2020-08-19,31.0,3,3.0,124.0,1,6244.0,53.0,8553.0,583326.0,0.6196656144043026,0.0,2020-08
178,2020-08-20,37.0,3,3.0,124.0,4,6303.0,59.0,4940.0,588266.0,1.194331983805668,0.0,2020-08
179,2020-08-21,26.0,1,1.0,124.0,3,6353.0,50.0,7805.0,596071.0,0.6406149903907752,0.0,2020-08
180,2020-08-22,31.0,1,1.0,124.0,1,6372.0,19.0,5551.0,601622.0,0.3422806701495226,0.0,2020-08
181,2020-08-23,30.0,1,1.0,124.0,1,6381.0,9.0,988.0,602610.0,0.9109311740890688,0.0,2020-08
182,2020-08-24,31.0,1,1.0,124.0,2,6409.0,28.0,2768.0,605378.0,1.0115606936416186,0.0,2020-08
183,2020-08-25,31.0,2,2.0,124.0,3,6484.0,75.0,6669.0,612047.0,1.1246063877642825,0.0,2020-08
184,2020-08-26,25.0,2,2.0,124.0,4,6535.0,51.0,5922.0,617969.0,0.8611955420466059,0.0,2020-08
185,2020-08-27,28.0,2,2.0,124.0,7,6572.0,37.0,8081.0,626050.0,0.45786412572701396,0.0,2020-08
186,2020-08-28,21.0,4,4.0,124.0,4,6616.0,44.0,6845.0,632895.0,0.6428049671292915,0.0,2020-08
187,2020-08-29,20.0,3,3.0,124.0,2,6664.0,48.0,6613.0,639508.0,0.7258430364433691,0.0,2020-08
188,2020-08-30,25.0,2,2.0,124.0,0,6668.0,4.0,939.0,640447.0,0.42598509052183176,0.0,2020-08
189,2020-08-31,26.0,2,2.0,124.0,9,6692.0,24.0,5233.0,645680.0,0.45862793808522834,0.0,2020-08
190,2020-09-01,15.0,1,1.0,124.0,1,6740.0,48.0,9996.0,655676.0,0.4801920768307323,0.0,2020-09
191,2020-09-02,14.0,2,2.0,124.0,2,6800.0,60.0,7553.0,663229.0,0.7943863365550111,0.0,2020-09
192,2020-09-03,11.0,0,0.0,124.0,3,6843.0,43.0,7368.0,670597.0,0.5836047774158524,0.0,2020-09
193,2020-09-04,10.0,0,0.0,124.0,2,6885.0,42.0,9198.0,679795.0,0.45662100456621,0.0,2020-09
194,2020-09-05,10.0,0,0.0,124.0,0,6938.0,53.0,7352.0,687147.0,0.720892274211099,0.0,2020-09
195,2020-09-06,15.0,0,0.0,124.0,0,6948.0,10.0,1140.0,688287.0,0.8771929824561403,0.0,2020-09
196,2020-09-07,20.0,0,0.0,124.0,0,6962.0,14.0,5132.0,693419.0,0.2727981293842557,0.0,2020-09
197,2020-09-08,23.0,0,0.0,124.0,2,7010.0,48.0,9994.0,703413.0,0.48028817290374226,0.0,2020-09
198,2020-09-09,21.0,0,0.0,124.0,1,7075.0,65.0,7731.0,711144.0,0.840770922261027,0.0,2020-09
199,2020-09-10,20.0,1,1.0,125.0,4,7145.0,70.0,8836.0,719980.0,0.7922136713444997,1.0,2020-09
200,2020-09-11,17.0,0,0.0,125.0,4,7180.0,35.0,9972.0,729952.0,0.3509827517047734,0.0,2020-09
201,2020-09-12,18.0,0,0.0,125.0,3,7224.0,44.0,7815.0,737767.0,0.5630198336532309,0.0,2020-09
202,2020-09-13,15.0,1,1.0,125.0,1,7230.0,6.0,1393.0,739160.0,0.4307250538406317,0.0,2020-09
203,2020-09-14,19.0,0,0.0,125.0,1,7270.0,40.0,7716.0,746876.0,0.5184033177812338,0.0,2020-09
204,2020-09-15,22.0,0,0.0,125.0,1,7380.0,110.0,10513.0,757389.0,1.0463235993531816,0.0,2020-09
205,2020-09-16,23.0,0,0.0,125.0,4,7526.0,146.0,8950.0,766339.0,1.6312849162011172,0.0,2020-09
206,2020-09-17,17.0,1,1.0,125.0,1,7703.0,177.0,4179.0,770518.0,4.235463029432879,0.0,2020-09
207,2020-09-18,16.0,0,0.0,125.0,2,7788.0,85.0,4670.0,775188.0,1.8201284796573876,0.0,2020-09
208,2020-09-19,20.0,2,2.0,125.0,0,7891.0,103.0,3654.0,778842.0,2.8188286808976466,0.0,2020-09
209,2020-09-20,20.0,1,1.0,125.0,2,7901.0,10.0,829.0,779671.0,1.2062726176115801,0.0,2020-09
210,2020-09-21,19.0,1,1.0,125.0,1,8000.0,99.0,6412.0,786083.0,1.5439800374298192,0.0,2020-09
211,2020-09-22,22.0,1,1.0,125.0,0,8074.0,74.0,6119.0,792202.0,1.2093479326687366,0.0,2020-09
212,2020-09-23,23.0,3,3.0,125.0,1,8141.0,67.0,6101.0,798303.0,1.0981806261268645,0.0,2020-09
213,2020-09-24,18.0,1,1.0,125.0,0,8217.0,76.0,6052.0,804355.0,1.255783212161269,0.0,2020-09
214,2020-09-25,24.0,1,1.0,125.0,5,8300.0,83.0,6077.0,810432.0,1.3658054961329604,0.0,2020-09
215,2020-09-26,27.0,3,3.0,125.0,0,8346.0,46.0,5293.0,815725.0,0.8690723597203855,0.0,2020-09
216,2020-09-27,33.0,3,3.0,125.0,1,8360.0,14.0,706.0,816431.0,1.9830028328611897,0.0,2020-09
217,2020-09-28,30.0,4,4.0,125.0,8,8415.0,55.0,5408.0,821839.0,1.0170118343195267,0.0,2020-09
218,2020-09-29,25.0,5,5.0,125.0,4,8493.0,78.0,7072.0,828911.0,1.1029411764705883,0.0,2020-09
219,2020-09-30,25.0,5,5.0,125.0,1,8579.0,86.0,6038.0,834949.0,1.4243126863199735,0.0,2020-09
220,2020-10-01,17.0,3,3.0,125.0,2,8702.0,123.0,7075.0,842024.0,1.7385159010600706,0.0,2020-10
221,2020-10-02,17.0,3,3.0,126.0,3,8790.0,88.0,6417.0,848441.0,1.3713573320866448,1.0,2020-10
222,2020-10-03,19.0,2,2.0,126.0,2,8883.0,93.0,5508.0,853949.0,1.6884531590413945,0.0,2020-10
223,2020-10-04,19.0,2,2.0,127.0,3,8909.0,26.0,1006.0,854955.0,2.584493041749503,1.0,2020-10
224,2020-10-05,21.0,1,1.0,128.0,5,8963.0,54.0,5263.0,860218.0,1.0260307809234277,1.0,2020-10
225,2020-10-06,19.0,2,2.0,128.0,2,9106.0,143.0,6613.0,866831.0,2.1624073794042036,0.0,2020-10
226,2020-10-07,20.0,2,2.0,129.0,0,9203.0,97.0,6845.0,873676.0,1.4170927684441197,1.0,2020-10
227,2020-10-08,23.0,1,1.0,131.0,0,9343.0,140.0,7720.0,881396.0,1.8134715025906734,2.0,2020-10
228,2020-10-09,33.0,1,1.0,132.0,3,9497.0,154.0,6953.0,888349.0,2.2148712785847837,1.0,2020-10
229,2020-10-10,32.0,2,2.0,133.0,3,9703.0,206.0,5274.0,893623.0,3.905953735305271,1.0,2020-10
230,2020-10-11,34.0,2,2.0,133.0,0,9712.0,9.0,794.0,894417.0,1.1335012594458438,0.0,2020-10
231,2020-10-12,38.0,2,2.0,133.0,3,9821.0,109.0,6614.0,901031.0,1.6480193528878135,0.0,2020-10
232,2020-10-13,43.0,3,3.0,133.0,6,10011.0,190.0,7406.0,908437.0,2.5654874426140966,0.0,2020-10
233,2020-10-14,40.0,4,4.0,133.0,3,10225.0,214.0,6763.0,915200.0,3.1642762087830842,0.0,2020-10
234,2020-10-15,37.0,4,4.0,133.0,1,10452.0,227.0,8641.0,923841.0,2.6270107626432124,0.0,2020-10
235,2020-10-16,45.0,4,4.0,133.0,5,10638.0,186.0,8242.0,932083.0,2.2567338024751273,0.0,2020-10
236,2020-10-17,50.0,3,3.0,133.0,5,10880.0,242.0,8621.0,940704.0,2.807098944438,0.0,2020-10
237,2020-10-18,53.0,4,4.0,135.0,3,10992.0,112.0,1049.0,941753.0,10.676835081029552,2.0,2020-10
238,2020-10-19,56.0,5,5.0,136.0,4,11236.0,244.0,5875.0,947628.0,4.153191489361703,1.0,2020-10
239,2020-10-20,61.0,7,7.0,139.0,9,11714.0,478.0,7743.0,955371.0,6.173317835464291,3.0,2020-10
240,2020-10-21,61.0,8,8.0,140.0,3,12310.0,596.0,13703.0,969074.0,4.3494125374005685,1.0,2020-10
241,2020-10-22,76.0,10,10.0,141.0,9,12825.0,515.0,8933.0,978007.0,5.765140490316803,1.0,2020-10
242,2020-10-23,77.0,11,11.0,144.0,10,13687.0,862.0,11949.0,989956.0,7.2139928027449995,3.0,2020-10
243,2020-10-24,91.0,12,12.0,146.0,3,14178.0,491.0,10364.0,1000320.0,4.737553068313392,2.0,2020-10
244,2020-10-25,102.0,12,12.0,147.0,6,14373.0,195.0,1902.0,1002222.0,10.25236593059937,1.0,2020-10
245,2020-10-26,98.0,16,16.0,147.0,18,14858.0,485.0,8862.0,1011084.0,5.472805235838411,0.0,2020-10
246,2020-10-27,116.0,16,16.0,148.0,8,15632.0,774.0,12342.0,1023426.0,6.271268838113758,1.0,2020-10
247,2020-10-28,119.0,21,21.0,150.0,15,16329.0,697.0,8646.0,1032072.0,8.061531343974092,2.0,2020-10
248,2020-10-29,126.0,24,24.0,152.0,13,17106.0,777.0,12745.0,1044817.0,6.096508434680267,2.0,2020-10
249,2020-10-30,143.0,26,26.0,157.0,18,17914.0,808.0,14097.0,1058914.0,5.731715967936441,5.0,2020-10
250,2020-10-31,141.0,27,27.0,161.0,8,18761.0,847.0,13516.0,1072430.0,6.266646936963599,4.0,2020-10
251,2020-11-01,150.0,29,29.0,161.0,9,19081.0,320.0,6439.0,1078869.0,4.969715794378009,0.0,2020-11
252,2020-11-02,174.0,29,29.0,168.0,13,19614.0,533.0,8252.0,1087121.0,6.459040232670868,7.0,2020-11
253,2020-11-03,194.0,30,30.0,171.0,20,20327.0,713.0,10941.0,1098062.0,6.516771775888859,3.0,2020-11
254,2020-11-04,179.0,36,36.0,177.0,30,21128.0,801.0,12176.0,1110238.0,6.578515111695138,6.0,2020-11
255,2020-11-05,171.0,37,37.0,182.0,19,21786.0,658.0,12513.0,1122751.0,5.2585311276272675,5.0,2020-11
256,2020-11-06,167.0,41,41.0,189.0,21,22460.0,674.0,13012.0,1135763.0,5.179833999385183,7.0,2020-11
257,2020-11-07,168.0,36,36.0,195.0,14,23030.0,570.0,10519.0,1146282.0,5.418766042399468,6.0,2020-11
258,2020-11-08,158.0,40,40.0,199.0,8,23210.0,180.0,1079.0,1147361.0,16.682113067655237,4.0,2020-11
259,2020-11-09,165.0,42,42.0,202.0,14,23690.0,480.0,10807.0,1158168.0,4.441565651892292,3.0,2020-11
260,2020-11-10,181.0,38,38.0,208.0,23,24479.0,789.0,11738.0,1169906.0,6.721758391548816,6.0,2020-11
261,2020-11-11,176.0,39,39.0,213.0,17,25178.0,699.0,11429.0,1181335.0,6.116020649225654,5.0,2020-11
262,2020-11-12,179.0,41,41.0,221.0,32,25889.0,711.0,12427.0,1193762.0,5.721413052224994,8.0,2020-11
263,2020-11-13,165.0,43,43.0,227.0,23,26501.0,612.0,10852.0,1204614.0,5.639513453741246,6.0,2020-11
264,2020-11-14,160.0,46,46.0,230.0,9,27048.0,547.0,9655.0,1214269.0,5.665458311755566,3.0,2020-11
265,2020-11-15,165.0,46,46.0,238.0,7,27212.0,164.0,797.0,1215066.0,20.5771643663739,8.0,2020-11
266,2020-11-16,188.0,48,48.0,243.0,27,27636.0,424.0,8802.0,1223868.0,4.817087025675983,5.0,2020-11
267,2020-11-17,199.0,48,48.0,251.0,26,28525.0,889.0,14245.0,1238113.0,6.240786240786241,8.0,2020-11
268,2020-11-18,177.0,44,44.0,257.0,23,29193.0,668.0,11016.0,1249129.0,6.063907044299201,6.0,2020-11
269,2020-11-19,179.0,43,43.0,264.0,16,29712.0,519.0,11777.0,1260906.0,4.406894794939289,7.0,2020-11
270,2020-11-20,183.0,41,41.0,268.0,21,30283.0,571.0,10237.0,1271143.0,5.577805997850933,4.0,2020-11
271,2020-11-21,181.0,45,45.0,275.0,10,30885.0,602.0,11715.0,1282858.0,5.138711054204012,7.0,2020-11
272,2020-11-22,195.0,47,47.0,278.0,4,31058.0,173.0,1870.0,1284728.0,9.251336898395722,3.0,2020-11
273,2020-11-23,191.0,46,46.0,288.0,24,31430.0,372.0,9487.0,1294215.0,3.92115526509961,10.0,2020-11
274,2020-11-24,182.0,43,43.0,295.0,27,32044.0,614.0,12876.0,1307091.0,4.768561665113389,7.0,2020-11
275,2020-11-25,180.0,44,44.0,302.0,14,32815.0,771.0,12841.0,1319932.0,6.00420527996262,7.0,2020-11
276,2020-11-26,178.0,43,43.0,309.0,20,33349.0,534.0,11427.0,1331359.0,4.673142557101602,7.0,2020-11
277,2020-11-27,165.0,41,41.0,318.0,34,33912.0,563.0,11593.0,1342952.0,4.8563788493056155,9.0,2020-11
278,2020-11-28,161.0,42,42.0,325.0,19,34476.0,564.0,10452.0,1353404.0,5.39609644087256,7.0,2020-11
279,2020-11-29,172.0,42,42.0,331.0,9,34615.0,139.0,856.0,1354260.0,16.238317757009348,6.0,2020-11
280,2020-11-30,170.0,42,42.0,340.0,30,35066.0,451.0,9240.0,1363500.0,4.880952380952381,9.0,2020-11
281,2020-12-01,169.0,41,41.0,345.0,28,35740.0,674.0,11536.0,1375036.0,5.842579750346741,5.0,2020-12
282,2020-12-02,161.0,41,41.0,352.0,36,36364.0,624.0,11236.0,1386272.0,5.553577785688858,7.0,2020-12
283,2020-12-03,153.0,41,41.0,356.0,23,37015.0,651.0,13105.0,1399377.0,4.967569629912248,4.0,2020-12
284,2020-12-04,150.0,40,40.0,362.0,20,37727.0,712.0,12186.0,1411563.0,5.8427703922534056,6.0,2020-12
285,2020-12-05,151.0,40,40.0,366.0,17,38258.0,531.0,11862.0,1423425.0,4.476479514415781,4.0,2020-12
286,2020-12-06,164.0,39,39.0,370.0,4,38409.0,151.0,776.0,1424201.0,19.45876288659794,4.0,2020-12
287,2020-12-07,160.0,43,43.0,374.0,23,38795.0,386.0,9047.0,1433248.0,4.266607715264729,4.0,2020-12
288,2020-12-08,164.0,46,46.0,381.0,19,39520.0,725.0,13119.0,1446367.0,5.526335848768961,7.0,2020-12
289,2020-12-09,170.0,47,47.0,387.0,12,40179.0,659.0,12057.0,1458424.0,5.46570456995936,6.0,2020-12
290,2020-12-10,170.0,47,47.0,396.0,21,40684.0,505.0,12693.0,1471117.0,3.9785708658315606,9.0,2020-12
291,2020-12-11,174.0,47,47.0,402.0,26,41200.0,516.0,12682.0,1483799.0,4.068758870840561,6.0,2020-12
292,2020-12-12,180.0,46,46.0,409.0,10,41646.0,446.0,9365.0,1493164.0,4.762413240790176,7.0,2020-12
293,2020-12-13,190.0,50,50.0,416.0,10,41828.0,182.0,1313.0,1494477.0,13.861386138613863,7.0,2020-12
294,2020-12-14,191.0,48,48.0,424.0,24,42176.0,348.0,11199.0,1505676.0,3.1074203053844096,8.0,2020-12
295,2020-12-15,187.0,48,48.0,427.0,26,42771.0,595.0,13898.0,1519574.0,4.281191538350842,3.0,2020-12
296,2020-12-16,183.0,47,47.0,433.0,25,43205.0,434.0,12783.0,1532357.0,3.3951341625596494,6.0,2020-12
297,2020-12-17,183.0,43,43.0,440.0,31,43654.0,449.0,13012.0,1545369.0,3.450660928373809,7.0,2020-12
298,2020-12-18,179.0,39,39.0,446.0,36,43992.0,338.0,13847.0,1559216.0,2.4409619412147037,6.0,2020-12
299,2020-12-19,176.0,38,38.0,453.0,13,44416.0,424.0,12498.0,1571714.0,3.3925428068490957,7.0,2020-12
300,2020-12-20,169.0,38,38.0,455.0,13,44507.0,91.0,1018.0,1572732.0,8.93909626719057,2.0,2020-12
301,2020-12-21,154.0,39,39.0,457.0,26,44734.0,227.0,10501.0,1583233.0,2.161698885820398,2.0,2020-12
302,2020-12-22,152.0,40,40.0,463.0,30,45133.0,399.0,15481.0,1598714.0,2.577352884180608,6.0,2020-12
303,2020-12-23,132.0,39,39.0,470.0,21,45395.0,262.0,12353.0,1611067.0,2.120942281227232,7.0,2020-12
304,2020-12-24,132.0,35,35.0,473.0,23,45648.0,253.0,9081.0,1620148.0,2.7860367800902983,3.0,2020-12
305,2020-12-25,130.0,35,35.0,477.0,11,45700.0,52.0,1056.0,1621204.0,4.924242424242424,4.0,2020-12
306,2020-12-26,127.0,39,39.0,488.0,11,45754.0,54.0,1101.0,1622305.0,4.904632152588556,11.0,2020-12
307,2020-12-27,118.0,32,32.0,494.0,5,45770.0,16.0,300.0,1622605.0,5.333333333333334,6.0,2020-12
308,2020-12-28,125.0,32,32.0,498.0,22,46009.0,239.0,7136.0,1629741.0,3.349215246636771,4.0,2020-12
309,2020-12-29,116.0,31,31.0,502.0,14,46334.0,325.0,8849.0,1638590.0,3.6727313820770706,4.0,2020-12
310,2020-12-30,101.0,31,31.0,506.0,12,46521.0,187.0,8607.0,1647197.0,2.172650168467526,4.0,2020-12
311,2020-12-31,103.0,33,33.0,509.0,21,46736.0,215.0,4470.0,1651667.0,4.809843400447427,3.0,2020-12
312,2021-01-01,93.0,32,32.0,511.0,11,46757.0,21.0,337.0,1652004.0,6.231454005934718,2.0,2021-01
313,2021-01-02,95.0,30,30.0,515.0,12,46838.0,81.0,3928.0,1655932.0,2.0621181262729125,4.0,2021-01
314,2021-01-03,91.0,34,34.0,517.0,4,46904.0,66.0,618.0,1656550.0,10.679611650485436,2.0,2021-01
315,2021-01-04,91.0,32,32.0,523.0,11,47064.0,160.0,9314.0,1665864.0,1.7178441056474127,6.0,2021-01
316,2021-01-05,76.0,28,28.0,526.0,18,47345.0,281.0,12244.0,1678108.0,2.29500163345312,3.0,2021-01
317,2021-01-06,78.0,26,26.0,530.0,5,47508.0,163.0,10117.0,1688225.0,1.6111495502619353,4.0,2021-01
318,2021-01-07,77.0,23,23.0,536.0,11,47657.0,149.0,10777.0,1699002.0,1.3825740001855804,6.0,2021-01
319,2021-01-08,69.0,22,22.0,539.0,16,47793.0,136.0,12485.0,1711487.0,1.0893071686023228,3.0,2021-01
320,2021-01-09,72.0,21,21.0,542.0,11,47897.0,104.0,7613.0,1719100.0,1.3660843294364904,3.0,2021-01
321,2021-01-10,69.0,23,23.0,544.0,6,47939.0,42.0,637.0,1719737.0,6.593406593406594,2.0,2021-01
322,2021-01-11,69.0,24,24.0,547.0,17,48092.0,153.0,10406.0,1730143.0,1.4703055929271573,3.0,2021-01
323,2021-01-12,71.0,21,21.0,551.0,11,48281.0,189.0,9765.0,1739908.0,1.935483870967742,4.0,2021-01
324,2021-01-13,68.0,23,23.0,553.0,14,48394.0,113.0,8875.0,1748783.0,1.2732394366197184,2.0,2021-01
325,2021-01-14,69.0,21,21.0,557.0,14,48537.0,143.0,7381.0,1756164.0,1.9374068554396422,4.0,2021-01
326,2021-01-15,66.0,18,18.0,558.0,18,48672.0,135.0,8077.0,1764241.0,1.6714126532128264,1.0,2021-01
327,2021-01-16,72.0,19,19.0,559.0,8,48758.0,86.0,6122.0,1770363.0,1.4047696831100946,1.0,2021-01
328,2021-01-17,68.0,20,20.0,564.0,3,48795.0,37.0,653.0,1771016.0,5.66615620214395,5.0,2021-01
329,2021-01-18,68.0,20,20.0,566.0,13,48880.0,85.0,7113.0,1778129.0,1.1949950794320259,2.0,2021-01
330,2021-01-19,68.0,17,17.0,568.0,14,49107.0,227.0,8486.0,1786615.0,2.6749941079424935,2.0,2021-01
331,2021-01-20,59.0,14,14.0,568.0,6,49222.0,115.0,6980.0,1793595.0,1.64756446991404,0.0,2021-01
332,2021-01-21,63.0,14,14.0,569.0,12,49341.0,119.0,6406.0,1800001.0,1.857633468623166,1.0,2021-01
333,2021-01-22,64.0,14,14.0,571.0,16,49484.0,143.0,7387.0,1807388.0,1.9358332205225395,2.0,2021-01
334,2021-01-23,58.0,15,15.0,571.0,6,49606.0,122.0,7768.0,1815156.0,1.5705458290422243,0.0,2021-01
335,2021-01-24,57.0,14,14.0,573.0,3,49635.0,29.0,272.0,1815428.0,10.661764705882353,2.0,2021-01
336,2021-01-25,61.0,15,15.0,576.0,7,49754.0,119.0,9209.0,1824637.0,1.2922141383429253,3.0,2021-01
337,2021-01-26,55.0,15,15.0,576.0,15,49990.0,236.0,9797.0,1834434.0,2.408900683882821,0.0,2021-01
338,2021-01-27,49.0,14,14.0,580.0,10,50128.0,138.0,7679.0,1842113.0,1.7971089985675217,4.0,2021-01
339,2021-01-28,53.0,12,12.0,581.0,11,50288.0,160.0,8878.0,1850991.0,1.8022077044379365,1.0,2021-01
340,2021-01-29,58.0,11,11.0,585.0,20,50446.0,158.0,9074.0,1860065.0,1.7412387039894204,4.0,2021-01
341,2021-01-30,55.0,11,11.0,587.0,10,50598.0,152.0,6139.0,1866204.0,2.4759732855513925,2.0,2021-01
342,2021-01-31,55.0,11,11.0,588.0,2,50632.0,34.0,545.0,1866749.0,6.238532110091743,1.0,2021-01
343,2021-02-01,55.0,13,13.0,591.0,11,50822.0,190.0,10978.0,1877727.0,1.7307341956640556,3.0,2021-02
344,2021-02-02,57.0,14,14.0,593.0,16,51025.0,203.0,10577.0,1888304.0,1.9192587690271343,2.0,2021-02
345,2021-02-03,46.0,12,12.0,594.0,9,51223.0,198.0,9300.0,1897604.0,2.129032258064516,1.0,2021-02
346,2021-02-04,46.0,11,11.0,595.0,8,51403.0,180.0,10449.0,1908053.0,1.7226528854435832,1.0,2021-02
347,2021-02-05,46.0,12,12.0,597.0,12,51580.0,177.0,12248.0,1920301.0,1.445133899412149,2.0,2021-02
348,2021-02-06,50.0,14,14.0,599.0,6,51738.0,158.0,7218.0,1927519.0,2.1889720144084235,2.0,2021-02
349,2021-02-07,51.0,14,14.0,603.0,2,51769.0,31.0,616.0,1928135.0,5.032467532467533,4.0,2021-02
350,2021-02-08,53.0,15,15.0,604.0,7,51910.0,141.0,10523.0,1938658.0,1.339922075453768,1.0,2021-02
351,2021-02-09,53.0,12,12.0,605.0,14,52135.0,225.0,11696.0,1950354.0,1.923734610123119,1.0,2021-02
352,2021-02-10,49.0,13,13.0,607.0,7,52333.0,198.0,11413.0,1961767.0,1.734863751861912,2.0,2021-02
353,2021-02-11,53.0,14,14.0,609.0,10,52479.0,146.0,12208.0,1973975.0,1.1959370904325033,2.0,2021-02
354,2021-02-12,58.0,10,10.0,609.0,14,52636.0,157.0,14447.0,1988422.0,1.0867308091645325,0.0,2021-02
355,2021-02-13,58.0,11,11.0,611.0,11,52817.0,181.0,9014.0,1997436.0,2.0079875748835145,2.0,2021-02
356,2021-02-14,60.0,13,13.0,614.0,5,52856.0,39.0,967.0,1998403.0,4.033092037228542,3.0,2021-02
357,2021-02-15,59.0,16,16.0,615.0,16,52995.0,139.0,9391.0,2007794.0,1.4801405601107442,1.0,2021-02
358,2021-02-16,55.0,17,17.0,620.0,8,53263.0,268.0,12064.0,2019858.0,2.2214854111405833,5.0,2021-02
359,2021-02-17,57.0,17,17.0,622.0,9,53492.0,229.0,10201.0,2030059.0,2.244877953141849,2.0,2021-02
360,2021-02-18,60.0,15,15.0,625.0,12,53709.0,217.0,10439.0,2040498.0,2.0787431746335856,3.0,2021-02
361,2021-02-19,61.0,13,13.0,626.0,16,53891.0,182.0,10021.0,2050519.0,1.8161860093803013,1.0,2021-02
362,2021-02-20,56.0,13,13.0,629.0,6,54061.0,170.0,7728.0,2058247.0,2.199792960662526,3.0,2021-02
363,2021-02-21,63.0,15,15.0,630.0,4,54096.0,35.0,407.0,2058654.0,8.5995085995086,1.0,2021-02
364,2021-02-22,66.0,16,16.0,631.0,18,54276.0,180.0,9530.0,2068184.0,1.888772298006296,1.0,2021-02
365,2021-02-23,64.0,15,15.0,634.0,12,54597.0,321.0,12435.0,2080619.0,2.581423401688782,3.0,2021-02
366,2021-02-24,63.0,15,15.0,636.0,6,54792.0,195.0,9703.0,2090322.0,2.0096877254457386,2.0,2021-02
367,2021-02-25,64.0,17,17.0,639.0,13,55028.0,236.0,11535.0,2101857.0,2.045947117468574,3.0,2021-02
368,2021-02-26,67.0,19,19.0,640.0,6,55230.0,202.0,11500.0,2113357.0,1.7565217391304349,1.0,2021-02
369,2021-02-27,73.0,20,20.0,642.0,9,55354.0,124.0,8150.0,2121507.0,1.5214723926380367,2.0,2021-02
370,2021-02-28,77.0,21,21.0,642.0,5,55407.0,53.0,592.0,2122099.0,8.952702702702704,0.0,2021-02
371,2021-03-01,80.0,20,20.0,643.0,13,55558.0,151.0,9443.0,2131542.0,1.599068092767129,1.0,2021-03
372,2021-03-02,84.0,20,20.0,645.0,21,55826.0,268.0,11879.0,2143421.0,2.256082161798131,2.0,2021-03
373,2021-03-03,87.0,22,22.0,650.0,9,56032.0,206.0,10061.0,2153482.0,2.04751018785409,5.0,2021-03
374,2021-03-04,84.0,22,22.0,656.0,9,56218.0,186.0,9463.0,2162945.0,1.9655500369861567,6.0,2021-03
375,2021-03-05,83.0,23,23.0,662.0,12,56414.0,196.0,11454.0,2174399.0,1.7111925964728478,6.0,2021-03
376,2021-03-06,90.0,21,21.0,668.0,7,56555.0,141.0,7678.0,2182077.0,1.8364157332638706,6.0,2021-03
377,2021-03-07,92.0,21,21.0,668.0,10,56585.0,30.0,596.0,2182673.0,5.033557046979865,0.0,2021-03
378,2021-03-08,93.0,24,24.0,672.0,13,56729.0,144.0,8792.0,2191465.0,1.6378525932666061,4.0,2021-03
379,2021-03-09,98.0,24,24.0,677.0,12,56963.0,234.0,12399.0,2203864.0,1.8872489716912653,5.0,2021-03
380,2021-03-10,94.0,30,30.0,679.0,12,57227.0,264.0,11042.0,2214906.0,2.3908712189820687,2.0,2021-03
381,2021-03-11,96.0,32,32.0,685.0,16,57405.0,178.0,10012.0,2224918.0,1.7778665601278467,6.0,2021-03
382,2021-03-12,93.0,27,27.0,692.0,15,57596.0,191.0,11770.0,2236688.0,1.622769753610875,7.0,2021-03
383,2021-03-13,93.0,25,25.0,694.0,6,57776.0,180.0,7945.0,2244633.0,2.2655758338577723,2.0,2021-03
384,2021-03-14,95.0,25,25.0,697.0,5,57825.0,49.0,557.0,2245190.0,8.797127468581687,3.0,2021-03
385,2021-03-15,102.0,26,26.0,701.0,20,58009.0,184.0,10262.0,2255452.0,1.793022802572598,4.0,2021-03
386,2021-03-16,88.0,25,25.0,708.0,7,58305.0,296.0,11328.0,2266780.0,2.6129943502824857,7.0,2021-03
387,2021-03-17,97.0,23,23.0,711.0,7,58570.0,265.0,9674.0,2276454.0,2.7393012197643167,3.0,2021-03
388,2021-03-18,101.0,17,17.0,719.0,13,58851.0,281.0,11691.0,2288145.0,2.403558292703789,8.0,2021-03
389,2021-03-19,100.0,19,19.0,721.0,18,59105.0,254.0,11193.0,2299338.0,2.2692754400071475,2.0,2021-03
390,2021-03-20,101.0,20,20.0,723.0,8,59311.0,206.0,8521.0,2307859.0,2.417556624809295,2.0,2021-03
391,2021-03-21,102.0,20,20.0,725.0,3,59389.0,78.0,832.0,2308691.0,9.375,2.0,2021-03
392,2021-03-22,109.0,21,21.0,730.0,15,59554.0,165.0,9977.0,2318668.0,1.6538037486218304,5.0,2021-03
393,2021-03-23,105.0,18,18.0,733.0,17,59907.0,353.0,11861.0,2330529.0,2.9761402917123347,3.0,2021-03
394,2021-03-24,104.0,21,21.0,740.0,12,60205.0,298.0,11753.0,2342282.0,2.5355228452310046,7.0,2021-03
395,2021-03-25,105.0,19,19.0,742.0,15,60465.0,260.0,11584.0,2353866.0,2.244475138121547,2.0,2021-03
396,2021-03-26,103.0,21,21.0,742.0,13,60755.0,290.0,12055.0,2365921.0,2.4056408129406885,0.0,2021-03
397,2021-03-27,113.0,23,23.0,744.0,12,61048.0,293.0,9334.0,2375255.0,3.1390614956074563,2.0,2021-03
398,2021-03-28,108.0,22,22.0,747.0,2,61074.0,26.0,488.0,2375743.0,5.327868852459016,3.0,2021-03
399,2021-03-29,112.0,25,25.0,750.0,20,61256.0,182.0,10249.0,2385992.0,1.7757830032198263,3.0,2021-03
400,2021-03-30,118.0,25,25.0,753.0,11,61644.0,388.0,13365.0,2399357.0,2.903105125327347,3.0,2021-03
401,2021-03-31,115.0,30,30.0,756.0,20,61882.0,238.0,12837.0,2412194.0,1.8540157357638076,3.0,2021-03
402,2021-04-01,111.0,30,30.0,757.0,13,62105.0,223.0,13989.0,2426183.0,1.5941096575881049,1.0,2021-04
403,2021-04-02,111.0,31,31.0,762.0,19,62360.0,255.0,15279.0,2441462.0,1.668957392499509,5.0,2021-04
404,2021-04-03,105.0,30,30.0,765.0,21,62564.0,204.0,13147.0,2454609.0,1.5516847950102683,3.0,2021-04
405,2021-04-04,104.0,30,30.0,767.0,11,62618.0,54.0,1017.0,2455626.0,5.3097345132743365,2.0,2021-04
406,2021-04-05,105.0,32,32.0,768.0,10,62625.0,7.0,483.0,2456109.0,1.4492753623188406,1.0,2021-04
407,2021-04-06,108.0,31,31.0,769.0,16,62793.0,168.0,8794.0,2464903.0,1.9103934500795998,1.0,2021-04
408,2021-04-07,108.0,32,32.0,769.0,21,63180.0,387.0,13841.0,2478744.0,2.7960407485008307,0.0,2021-04
409,2021-04-08,102.0,30,30.0,770.0,12,63466.0,286.0,11833.0,2490577.0,2.416969492098369,1.0,2021-04
410,2021-04-09,106.0,27,27.0,776.0,23,63649.0,183.0,11497.0,2502074.0,1.5917195790206142,6.0,2021-04
411,2021-04-10,102.0,28,28.0,778.0,8,63850.0,201.0,7710.0,2509784.0,2.6070038910505837,2.0,2021-04
412,2021-04-11,100.0,29,29.0,780.0,5,63879.0,29.0,457.0,2510241.0,6.3457330415754925,2.0,2021-04
413,2021-04-12,104.0,32,32.0,782.0,23,64060.0,181.0,10754.0,2520995.0,1.683094662451181,2.0,2021-04
414,2021-04-13,89.0,33,33.0,786.0,16,64330.0,270.0,9508.0,2530503.0,2.839713925115692,4.0,2021-04
415,2021-04-14,84.0,33,33.0,787.0,22,64544.0,214.0,9003.0,2539506.0,2.3769854492946796,1.0,2021-04
416,2021-04-15,78.0,32,32.0,787.0,10,64740.0,196.0,9170.0,2548676.0,2.1374045801526718,0.0,2021-04
417,2021-04-16,85.0,31,31.0,787.0,22,64949.0,209.0,12337.0,2561013.0,1.6940909459349922,0.0,2021-04
418,2021-04-17,72.0,36,36.0,787.0,7,65105.0,156.0,7971.0,2568984.0,1.9570944674444861,0.0,2021-04
419,2021-04-18,79.0,37,37.0,788.0,5,65136.0,31.0,1610.0,2570594.0,1.9254658385093166,1.0,2021-04
420,2021-04-19,83.0,38,38.0,788.0,24,65303.0,167.0,9600.0,2580194.0,1.7395833333333333,0.0,2021-04
421,2021-04-20,76.0,38,38.0,790.0,11,65581.0,278.0,9731.0,2589925.0,2.8568492446819445,2.0,2021-04
422,2021-04-21,78.0,34,34.0,792.0,16,65790.0,209.0,8915.0,2598840.0,2.3443634324172744,2.0,2021-04
423,2021-04-22,72.0,33,33.0,792.0,18,65990.0,200.0,7527.0,2606367.0,2.657101102696958,0.0,2021-04
424,2021-04-23,69.0,36,36.0,792.0,15,66185.0,195.0,11690.0,2618057.0,1.6680923866552608,0.0,2021-04
425,2021-04-24,64.0,34,34.0,793.0,6,66294.0,109.0,6045.0,2624102.0,1.8031430934656743,1.0,2021-04
426,2021-04-25,57.0,37,37.0,793.0,4,66338.0,44.0,478.0,2624580.0,9.205020920502092,0.0,2021-04
427,2021-04-26,54.0,37,37.0,793.0,22,66561.0,223.0,9778.0,2634358.0,2.2806299856821437,0.0,2021-04
428,2021-04-27,54.0,36,36.0,794.0,11,66800.0,239.0,8829.0,2643187.0,2.706988333899649,1.0,2021-04
429,2021-04-28,59.0,36,36.0,796.0,9,67007.0,207.0,9409.0,2652596.0,2.2000212562440216,2.0,2021-04
430,2021-04-29,53.0,34,34.0,798.0,9,67160.0,153.0,8709.0,2661305.0,1.756803306923872,2.0,2021-04
431,2021-04-30,57.0,34,34.0,799.0,16,67358.0,198.0,11688.0,2672993.0,1.6940451745379879,1.0,2021-04
432,2021-05-01,60.0,33,33.0,802.0,5,67426.0,68.0,2161.0,2675154.0,3.146691346598797,3.0,2021-05
433,2021-05-02,66.0,29,29.0,802.0,3,67435.0,9.0,325.0,2675479.0,2.769230769230769,0.0,2021-05
434,2021-05-03,65.0,32,32.0,802.0,14,67612.0,177.0,8989.0,2684468.0,1.9690733118255648,0.0,2021-05
435,2021-05-04,54.0,34,34.0,802.0,15,67795.0,183.0,9435.0,2693903.0,1.9395866454689985,0.0,2021-05
436,2021-05-05,53.0,33,33.0,803.0,11,67949.0,154.0,8651.0,2702554.0,1.7801410241590567,1.0,2021-05
437,2021-05-06,54.0,32,32.0,803.0,12,68083.0,134.0,8800.0,2711354.0,1.5227272727272727,0.0,2021-05
438,2021-05-07,55.0,31,31.0,804.0,14,68230.0,147.0,10761.0,2722115.0,1.366044047950934,1.0,2021-05
439,2021-05-08,56.0,31,31.0,804.0,7,68341.0,111.0,6350.0,2728465.0,1.748031496062992,0.0,2021-05
440,2021-05-09,53.0,31,31.0,806.0,8,68355.0,14.0,432.0,2728897.0,3.2407407407407405,2.0,2021-05
441,2021-05-10,52.0,30,30.0,807.0,12,68483.0,128.0,10012.0,2738909.0,1.278465840990811,1.0,2021-05
442,2021-05-11,54.0,30,30.0,807.0,13,68671.0,188.0,9036.0,2747945.0,2.080566622399292,0.0,2021-05
443,2021-05-12,45.0,30,30.0,807.0,17,68830.0,159.0,11353.0,2759298.0,1.4005108781819784,0.0,2021-05
444,2021-05-13,38.0,29,29.0,807.0,3,68854.0,24.0,1053.0,2760351.0,2.2792022792022792,0.0,2021-05
445,2021-05-14,42.0,29,29.0,807.0,16,68962.0,108.0,10334.0,2770685.0,1.045093864911941,0.0,2021-05
446,2021-05-15,35.0,28,28.0,808.0,6,69063.0,101.0,7339.0,2778024.0,1.3762092928191851,1.0,2021-05
447,2021-05-16,35.0,28,28.0,809.0,6,69083.0,20.0,588.0,2778612.0,3.4013605442176873,1.0,2021-05
448,2021-05-17,32.0,29,29.0,809.0,7,69136.0,53.0,8725.0,2787337.0,0.6074498567335244,0.0,2021-05
449,2021-05-18,38.0,21,21.0,809.0,12,69301.0,165.0,9931.0,2797268.0,1.6614641023059107,0.0,2021-05
450,2021-05-19,33.0,18,18.0,811.0,7,69369.0,68.0,10398.0,2807666.0,0.6539719176764763,2.0,2021-05
451,2021-05-20,28.0,17,17.0,811.0,11,69419.0,50.0,14462.0,2822128.0,0.34573364679850643,0.0,2021-05
452,2021-05-21,23.0,17,17.0,811.0,6,69484.0,65.0,16526.0,2838654.0,0.39331961757231026,0.0,2021-05
453,2021-05-22,23.0,17,17.0,812.0,5,69569.0,85.0,11099.0,2849753.0,0.7658347598882782,1.0,2021-05
454,2021-05-23,19.0,17,17.0,812.0,4,69578.0,9.0,978.0,2850731.0,0.9202453987730062,0.0,2021-05
455,2021-05-24,17.0,17,17.0,812.0,1,69579.0,1.0,420.0,2851151.0,0.2380952380952381,0.0,2021-05
456,2021-05-25,17.0,17,17.0,812.0,3,69669.0,90.0,8842.0,2859993.0,1.0178692603483375,0.0,2021-05
457,2021-05-26,17.0,15,15.0,813.0,5,69749.0,80.0,9699.0,2869692.0,0.824827301783689,1.0,2021-05
458,2021-05-27,20.0,12,12.0,815.0,7,69830.0,81.0,9425.0,2879117.0,0.8594164456233422,2.0,2021-05
459,2021-05-28,20.0,12,12.0,815.0,6,69889.0,59.0,9837.0,2888954.0,0.5997763545796483,0.0,2021-05
460,2021-05-29,21.0,11,11.0,816.0,1,69932.0,43.0,5930.0,2894884.0,0.7251264755480608,1.0,2021-05
461,2021-05-30,19.0,8,8.0,816.0,3,69932.0,0.0,337.0,2895221.0,0.0,0.0,2021-05
462,2021-05-31,17.0,7,7.0,817.0,6,69983.0,51.0,9565.0,2904786.0,0.5331939362258233,1.0,2021-05
463,2021-06-01,16.0,5,5.0,818.0,3,70027.0,44.0,6665.0,2911451.0,0.660165041260315,1.0,2021-06
464,2021-06-02,13.0,3,3.0,818.0,7,70088.0,61.0,6882.0,2918333.0,0.8863702412089509,0.0,2021-06
465,2021-06-03,14.0,3,3.0,818.0,4,70182.0,94.0,8410.0,2926743.0,1.117717003567182,0.0,2021-06
466,2021-06-04,15.0,3,3.0,818.0,2,70216.0,34.0,9696.0,2936439.0,0.35066006600660066,0.0,2021-06
467,2021-06-05,15.0,2,2.0,818.0,2,70253.0,37.0,5760.0,2942199.0,0.642361111111111,0.0,2021-06
468,2021-06-06,14.0,2,2.0,818.0,0,70256.0,3.0,295.0,2942494.0,1.0169491525423728,0.0,2021-06
469,2021-06-07,16.0,2,2.0,818.0,2,70291.0,35.0,8326.0,2950820.0,0.4203699255344704,0.0,2021-06
470,2021-06-08,17.0,3,3.0,818.0,8,70343.0,52.0,6288.0,2957108.0,0.826972010178117,0.0,2021-06
471,2021-06-09,11.0,2,2.0,818.0,4,70383.0,40.0,7094.0,2964202.0,0.563856780377784,0.0,2021-06
472,2021-06-10,11.0,1,1.0,818.0,1,70406.0,23.0,8056.0,2972258.0,0.2855014895729891,0.0,2021-06
473,2021-06-11,13.0,1,1.0,818.0,3,70427.0,21.0,9901.0,2982159.0,0.2120997879002121,0.0,2021-06
474,2021-06-12,9.0,1,1.0,818.0,2,70444.0,17.0,5713.0,2987872.0,0.29756695256432697,0.0,2021-06
475,2021-06-13,8.0,1,1.0,818.0,0,70445.0,1.0,367.0,2988239.0,0.2724795640326975,0.0,2021-06
476,2021-06-14,8.0,2,2.0,818.0,4,70466.0,21.0,7430.0,2995669.0,0.2826379542395693,0.0,2021-06
477,2021-06-15,6.0,2,2.0,818.0,3,70485.0,19.0,7143.0,3002812.0,0.2659946801063979,0.0,2021-06
478,2021-06-16,8.0,2,2.0,818.0,3,70503.0,18.0,7044.0,3009856.0,0.2555366269165247,0.0,2021-06
479,2021-06-17,7.0,2,2.0,818.0,3,70516.0,13.0,6996.0,3016852.0,0.18582046883933678,0.0,2021-06
480,2021-06-18,5.0,2,2.0,818.0,9,70527.0,11.0,11731.0,3028583.0,0.09376864717415395,0.0,2021-06
481,2021-06-19,3.0,2,2.0,819.0,1,70535.0,8.0,5674.0,3034257.0,0.14099400775467041,1.0,2021-06
482,2021-06-20,3.0,2,2.0,819.0,0,70535.0,0.0,347.0,3034604.0,0.0,0.0,2021-06
483,2021-06-21,3.0,2,2.0,819.0,2,70547.0,12.0,7453.0,3042057.0,0.16100898966858984,0.0,2021-06
484,2021-06-22,2.0,2,2.0,819.0,3,70582.0,35.0,8855.0,3050912.0,0.3952569169960474,0.0,2021-06
485,2021-06-23,3.0,2,2.0,819.0,1,70586.0,4.0,489.0,3051401.0,0.81799591002045,0.0,2021-06
486,2021-06-24,3.0,2,2.0,819.0,1,70600.0,14.0,8089.0,3059490.0,0.1730745456793176,0.0,2021-06
487,2021-06-25,3.0,1,1.0,819.0,3,70619.0,19.0,9054.0,3068544.0,0.20985199911641267,0.0,2021-06
488,2021-06-26,6.0,1,1.0,819.0,0,70637.0,18.0,4965.0,3073509.0,0.36253776435045315,0.0,2021-06
489,2021-06-27,4.0,1,1.0,819.0,2,70642.0,5.0,276.0,3073785.0,1.8115942028985508,0.0,2021-06
490,2021-06-28,4.0,1,1.0,819.0,2,70695.0,53.0,6407.0,3080192.0,0.8272202278757609,0.0,2021-06
491,2021-06-29,5.0,1,1.0,819.0,2,70787.0,92.0,4386.0,3084578.0,2.097583219334245,0.0,2021-06
492,2021-06-30,3.0,1,1.0,819.0,1,70895.0,108.0,5115.0,3089693.0,2.1114369501466275,0.0,2021-06
493,2021-07-01,2.0,1,1.0,819.0,1,71031.0,136.0,6122.0,3095815.0,2.2214962430578242,0.0,2021-07
494,2021-07-02,1.0,1,1.0,819.0,0,71225.0,194.0,8409.0,3104224.0,2.307051968129385,0.0,2021-07
495,2021-07-03,2.0,1,1.0,819.0,0,71420.0,195.0,4594.0,3108818.0,4.244666956900304,0.0,2021-07
496,2021-07-04,3.0,1,1.0,819.0,0,71429.0,9.0,342.0,3109160.0,2.631578947368421,0.0,2021-07
497,2021-07-05,4.0,1,1.0,819.0,2,71547.0,118.0,5833.0,3114993.0,2.022972741299503,0.0,2021-07
498,2021-07-06,4.0,1,1.0,820.0,0,71748.0,201.0,7049.0,3122042.0,2.851468293374947,1.0,2021-07
499,2021-07-07,4.0,1,1.0,820.0,1,71879.0,131.0,7072.0,3129114.0,1.8523755656108598,0.0,2021-07
500,2021-07-08,5.0,1,1.0,820.0,2,72010.0,131.0,7592.0,3136706.0,1.72550052687039,0.0,2021-07
501,2021-07-09,6.0,1,1.0,820.0,2,72137.0,127.0,9739.0,3146445.0,1.3040353219016327,0.0,2021-07
502,2021-07-10,10.0,1,1.0,820.0,1,72250.0,113.0,5679.0,3152124.0,1.9897869343194226,0.0,2021-07
503,2021-07-11,12.0,2,2.0,820.0,1,72258.0,8.0,339.0,3152463.0,2.359882005899705,0.0,2021-07
504,2021-07-12,11.0,2,2.0,820.0,4,72393.0,135.0,7202.0,3159665.0,1.8744793113024159,0.0,2021-07
505,2021-07-13,7.0,3,3.0,820.0,1,72511.0,118.0,6314.0,3165979.0,1.8688628444726005,0.0,2021-07
506,2021-07-14,7.0,4,4.0,820.0,2,72634.0,123.0,8738.0,3174717.0,1.407644769970245,0.0,2021-07
507,2021-07-15,6.0,5,5.0,821.0,3,72761.0,127.0,9402.0,3184119.0,1.350776430546692,1.0,2021-07
508,2021-07-16,9.0,4,4.0,822.0,2,72894.0,133.0,10547.0,3194666.0,1.2610220915900257,1.0,2021-07
509,2021-07-17,10.0,5,5.0,822.0,3,72978.0,84.0,7323.0,3201989.0,1.1470708725931995,0.0,2021-07
510,2021-07-18,8.0,5,5.0,822.0,3,72985.0,7.0,358.0,3202347.0,1.9553072625698324,0.0,2021-07
511,2021-07-19,13.0,6,6.0,822.0,5,73075.0,90.0,7402.0,3209749.0,1.215887597946501,0.0,2021-07
512,2021-07-20,11.0,6,6.0,822.0,5,73215.0,140.0,6240.0,3215989.0,2.2435897435897436,0.0,2021-07
513,2021-07-21,11.0,6,6.0,822.0,2,73309.0,94.0,6248.0,3222237.0,1.5044814340588988,0.0,2021-07
514,2021-07-22,15.0,5,5.0,822.0,6,73412.0,103.0,7194.0,3229431.0,1.4317486794551015,0.0,2021-07
515,2021-07-23,19.0,3,3.0,822.0,8,73487.0,75.0,9840.0,3239271.0,0.7621951219512195,0.0,2021-07
516,2021-07-24,24.0,3,3.0,822.0,5,73548.0,61.0,6502.0,3245773.0,0.9381728698861889,0.0,2021-07
517,2021-07-25,24.0,2,2.0,823.0,3,73552.0,4.0,313.0,3246086.0,1.2779552715654952,1.0,2021-07
518,2021-07-26,23.0,3,3.0,823.0,6,73640.0,88.0,6062.0,3252148.0,1.4516661167931375,0.0,2021-07
519,2021-07-27,19.0,3,3.0,823.0,1,73747.0,107.0,6149.0,3258297.0,1.7401203447715077,0.0,2021-07
520,2021-07-28,20.0,3,3.0,823.0,4,73817.0,70.0,7191.0,3265488.0,0.9734390209984702,0.0,2021-07
521,2021-07-29,17.0,5,5.0,823.0,4,73871.0,54.0,9128.0,3274616.0,0.5915863277826467,0.0,2021-07
522,2021-07-30,18.0,6,6.0,823.0,5,73936.0,65.0,10371.0,3284987.0,0.6267476617491081,0.0,2021-07
523,2021-07-31,18.0,6,6.0,823.0,2,73986.0,50.0,7048.0,3292035.0,0.7094211123723042,0.0,2021-07
524,2021-08-01,18.0,7,7.0,823.0,1,73991.0,5.0,295.0,3292330.0,1.694915254237288,0.0,2021-08
525,2021-08-02,18.0,7,7.0,823.0,4,74043.0,52.0,6368.0,3298698.0,0.8165829145728644,0.0,2021-08
526,2021-08-03,21.0,5,5.0,824.0,6,74144.0,101.0,5183.0,3303881.0,1.9486783715994598,1.0,2021-08
527,2021-08-04,15.0,5,5.0,824.0,4,74212.0,68.0,5396.0,3309277.0,1.2601927353595257,0.0,2021-08
528,2021-08-05,17.0,5,5.0,824.0,3,74262.0,50.0,5475.0,3314752.0,0.91324200913242,0.0,2021-08
529,2021-08-06,15.0,6,6.0,824.0,2,74339.0,77.0,8334.0,3323086.0,0.9239260859131269,0.0,2021-08
530,2021-08-07,15.0,6,6.0,824.0,1,74393.0,54.0,5006.0,3328092.0,1.0787055533359968,0.0,2021-08
531,2021-08-08,14.0,7,7.0,825.0,1,74395.0,2.0,263.0,3328355.0,0.7604562737642585,1.0,2021-08
532,2021-08-09,15.0,6,6.0,825.0,5,74437.0,42.0,4306.0,3332661.0,0.9753831862517418,0.0,2021-08
533,2021-08-10,11.0,6,6.0,827.0,2,74498.0,61.0,5052.0,3337713.0,1.2074425969912905,2.0,2021-08
534,2021-08-11,13.0,6,6.0,827.0,3,74545.0,47.0,3287.0,3341000.0,1.4298752662001823,0.0,2021-08
535,2021-08-12,15.0,6,6.0,828.0,2,74595.0,50.0,6138.0,3347138.0,0.8145975887911373,1.0,2021-08
536,2021-08-13,14.0,6,6.0,828.0,1,74644.0,49.0,5875.0,3353013.0,0.8340425531914895,0.0,2021-08
537,2021-08-14,14.0,6,6.0,828.0,1,74683.0,39.0,4305.0,3357318.0,0.9059233449477353,0.0,2021-08
538,2021-08-15,19.0,6,6.0,828.0,1,74690.0,7.0,280.0,3357598.0,2.5,0.0,2021-08
539,2021-08-16,21.0,6,6.0,828.0,2,74779.0,89.0,5864.0,3363462.0,1.5177353342428377,0.0,2021-08
540,2021-08-17,22.0,5,5.0,829.0,5,74855.0,76.0,4278.0,3367740.0,1.7765310892940627,1.0,2021-08
541,2021-08-18,20.0,5,5.0,830.0,6,74918.0,63.0,3702.0,3371442.0,1.7017828200972445,1.0,2021-08
542,2021-08-19,18.0,3,3.0,830.0,4,74985.0,67.0,4313.0,3375755.0,1.5534430790632971,0.0,2021-08
543,2021-08-20,17.0,3,3.0,830.0,9,75067.0,82.0,6019.0,3381774.0,1.3623525502575178,0.0,2021-08
544,2021-08-21,11.0,4,4.0,830.0,4,75122.0,55.0,3582.0,3385356.0,1.5354550530429927,0.0,2021-08
545,2021-08-22,15.0,5,5.0,830.0,2,75130.0,8.0,349.0,3385705.0,2.292263610315186,0.0,2021-08
546,2021-08-23,18.0,5,5.0,830.0,5,75216.0,86.0,5115.0,3390820.0,1.6813294232649074,0.0,2021-08
547,2021-08-24,17.0,5,5.0,830.0,4,75312.0,96.0,4122.0,3394942.0,2.3289665211062593,0.0,2021-08
548,2021-08-25,21.0,5,5.0,830.0,3,75442.0,130.0,3954.0,3398896.0,3.2878098128477493,0.0,2021-08
549,2021-08-26,30.0,5,5.0,830.0,10,75517.0,75.0,4466.0,3403362.0,1.6793551276309895,0.0,2021-08
550,2021-08-27,22.0,8,8.0,830.0,7,75605.0,88.0,6039.0,3409401.0,1.4571948998178506,0.0,2021-08
551,2021-08-28,22.0,6,6.0,830.0,4,75664.0,59.0,3452.0,3412853.0,1.7091541135573582,0.0,2021-08
552,2021-08-29,19.0,6,6.0,830.0,3,75672.0,8.0,201.0,3413054.0,3.9800995024875623,0.0,2021-08
553,2021-08-30,18.0,7,7.0,830.0,2,75760.0,88.0,5435.0,3418489.0,1.6191352345906165,0.0,2021-08
554,2021-08-31,21.0,8,8.0,830.0,8,75904.0,144.0,4957.0,3423446.0,2.9049828525317736,0.0,2021-08
555,2021-09-01,19.0,8,8.0,830.0,1,75981.0,77.0,4648.0,3428094.0,1.6566265060240966,0.0,2021-09
556,2021-09-02,24.0,9,9.0,830.0,5,76102.0,121.0,4707.0,3432801.0,2.5706394731251327,0.0,2021-09
557,2021-09-03,21.0,10,10.0,831.0,3,76158.0,56.0,5949.0,3438750.0,0.9413346780971592,1.0,2021-09
558,2021-09-04,21.0,11,11.0,832.0,1,76238.0,80.0,3141.0,3441891.0,2.5469595670168736,1.0,2021-09
559,2021-09-05,29.0,10,10.0,832.0,1,76245.0,7.0,220.0,3442111.0,3.1818181818181817,0.0,2021-09
560,2021-09-06,30.0,10,10.0,832.0,3,76358.0,113.0,6021.0,3448132.0,1.8767646570337155,0.0,2021-09
561,2021-09-07,28.0,10,10.0,833.0,3,76455.0,97.0,4310.0,3452442.0,2.2505800464037122,1.0,2021-09
562,2021-09-08,27.0,10,10.0,833.0,2,76540.0,85.0,3607.0,3456049.0,2.3565289714444138,0.0,2021-09
563,2021-09-09,30.0,10,10.0,834.0,3,76632.0,92.0,5015.0,3461064.0,1.8344965104685942,1.0,2021-09
564,2021-09-10,31.0,10,10.0,834.0,9,76732.0,100.0,6479.0,3467543.0,1.543448062972681,0.0,2021-09
565,2021-09-11,30.0,10,10.0,834.0,6,76794.0,62.0,3604.0,3471147.0,1.7203107658157604,0.0,2021-09
566,2021-09-12,28.0,9,9.0,834.0,3,76798.0,4.0,597.0,3471744.0,0.6700167504187605,0.0,2021-09
567,2021-09-13,28.0,9,9.0,834.0,8,76894.0,96.0,7605.0,3479349.0,1.26232741617357,0.0,2021-09
568,2021-09-14,24.0,8,8.0,834.0,5,76996.0,102.0,7357.0,3486706.0,1.3864346880521952,0.0,2021-09
569,2021-09-15,18.0,9,9.0,834.0,3,77098.0,102.0,6400.0,3493106.0,1.59375,0.0,2021-09
570,2021-09-16,16.0,9,9.0,834.0,2,77189.0,91.0,4295.0,3497401.0,2.118742724097788,0.0,2021-09
571,2021-09-17,18.0,10,10.0,834.0,4,77282.0,93.0,1586.0,3498987.0,5.863808322824717,0.0,2021-09
572,2021-09-18,20.0,9,9.0,834.0,2,77338.0,56.0,1484.0,3500471.0,3.7735849056603774,0.0,2021-09
573,2021-09-19,20.0,9,9.0,834.0,1,77340.0,2.0,265.0,3500736.0,0.7547169811320755,0.0,2021-09
574,2021-09-20,22.0,8,8.0,834.0,2,77411.0,71.0,1692.0,3502428.0,4.196217494089835,0.0,2021-09
575,2021-09-21,19.0,8,8.0,835.0,4,77552.0,141.0,2089.0,3504517.0,6.749640976543801,1.0,2021-09
576,2021-09-22,16.0,8,8.0,835.0,4,77688.0,136.0,2298.0,3506815.0,5.918189730200174,0.0,2021-09
577,2021-09-23,16.0,8,8.0,835.0,4,77762.0,74.0,2103.0,3508918.0,3.518782691393248,0.0,2021-09
578,2021-09-24,13.0,8,8.0,835.0,3,77848.0,86.0,2499.0,3511417.0,3.441376550620248,0.0,2021-09
579,2021-09-25,16.0,7,7.0,835.0,5,77923.0,75.0,2171.0,3513588.0,3.454629203132197,0.0,2021-09
580,2021-09-26,12.0,8,8.0,835.0,2,77930.0,7.0,279.0,3513867.0,2.5089605734767026,0.0,2021-09
581,2021-09-27,13.0,9,9.0,835.0,3,77998.0,68.0,1753.0,3515620.0,3.87906446092413,0.0,2021-09
582,2021-09-28,16.0,9,9.0,835.0,2,78130.0,132.0,3021.0,3518641.0,4.369414101290963,0.0,2021-09
583,2021-09-29,18.0,8,8.0,835.0,1,78219.0,89.0,2541.0,3521182.0,3.502558048012593,0.0,2021-09
584,2021-09-30,17.0,9,9.0,835.0,3,78326.0,107.0,2305.0,3523487.0,4.642082429501085,0.0,2021-09
